﻿제목,생성자,생성 일시,최종 편집자,최종 편집 일시,태그,Resource,날짜,상위 문서,하위 문서
Option Trading,Pinata,2025년 2월 14일 오후 7:30,Pinata,2025년 2월 14일 오후 7:42,Economic maths,,,Delta Hedge (%E1%84%86%E1%85%AE%E1%86%AB%E1%84%89%E1%85%A5%20170e444ec3ee809bb5fffab41ef47cb1/Delta%20Hedge%20198e444ec3ee8073ae70f0a3053732da.html),
Delta Hedge,현창 이,2025년 2월 12일 오후 9:15,Pinata,2025년 2월 14일 오후 7:42,Economic maths,https://blog.naver.com/songpha69/220372556373,,,"Option Trading (%E1%84%86%E1%85%AE%E1%86%AB%E1%84%89%E1%85%A5%20170e444ec3ee809bb5fffab41ef47cb1/Option%20Trading%2019ae444ec3ee80f5a877df2654ff7f2a.html), Futures Trading (%E1%84%86%E1%85%AE%E1%86%AB%E1%84%89%E1%85%A5%20170e444ec3ee809bb5fffab41ef47cb1/Futures%20Trading%2019ae444ec3ee802a9f3adb7520f3185f.html)"
2. Necessary Math Theorems,현창 이,2025년 2월 12일 오후 8:59,Pinata,2025년 2월 14일 오후 7:49,Economic maths,https://mathphysics.tistory.com/411,,Black-Scholes Theory (%E1%84%86%E1%85%AE%E1%86%AB%E1%84%89%E1%85%A5%20170e444ec3ee809bb5fffab41ef47cb1/Black-Scholes%20Theory%2019ae444ec3ee8088a1a3cdc73e1f41a7.html),
1. The Black-Scholes Formulas,현창 이,2025년 2월 12일 오후 8:38,Pinata,2025년 2월 14일 오후 7:48,Economic maths,https://mathphysics.tistory.com/410,,Black-Scholes Theory (%E1%84%86%E1%85%AE%E1%86%AB%E1%84%89%E1%85%A5%20170e444ec3ee809bb5fffab41ef47cb1/Black-Scholes%20Theory%2019ae444ec3ee8088a1a3cdc73e1f41a7.html),
Black-Scholes Theory,Pinata,2025년 2월 14일 오후 7:48,Pinata,2025년 2월 14일 오후 7:49,Economic maths,,,,"1. The Black-Scholes Formulas (%E1%84%86%E1%85%AE%E1%86%AB%E1%84%89%E1%85%A5%20170e444ec3ee809bb5fffab41ef47cb1/1%20The%20Black-Scholes%20Formulas%20198e444ec3ee8094a1e5cdefca2838b9.html), 2. Necessary Math Theorems (%E1%84%86%E1%85%AE%E1%86%AB%E1%84%89%E1%85%A5%20170e444ec3ee809bb5fffab41ef47cb1/2%20Necessary%20Math%20Theorems%20198e444ec3ee801d801acd98f7e016e9.html)"
DQN,Pinata,2025년 2월 12일 오후 8:54,Pinata,2025년 2월 16일 오전 12:34,Economic computers,https://ai-com.tistory.com/entry/RL-%EA%B0%95%ED%99%94%ED%95%99%EC%8A%B5-%EC%95%8C%EA%B3%A0%EB%A6%AC%EC%A6%98-1-DQN-Deep-Q-Network,,Q-Learning (%E1%84%86%E1%85%AE%E1%86%AB%E1%84%89%E1%85%A5%20170e444ec3ee809bb5fffab41ef47cb1/Q-Learning%20198e444ec3ee80a38976faf1bde131e4.html),"Dueling DQN (%E1%84%86%E1%85%AE%E1%86%AB%E1%84%89%E1%85%A5%20170e444ec3ee809bb5fffab41ef47cb1/Dueling%20DQN%20198e444ec3ee80b0812cddebe1b041dc.html), Double DQN (%E1%84%86%E1%85%AE%E1%86%AB%E1%84%89%E1%85%A5%20170e444ec3ee809bb5fffab41ef47cb1/Double%20DQN%20198e444ec3ee809bb0a9f58708b01bd3.html)"
Policy Gradient Algorithm,Pinata,2025년 2월 14일 오전 12:40,Pinata,2025년 2월 15일 오후 11:49,Economic computers,,,,"Policy Gradient Theorem (%E1%84%86%E1%85%AE%E1%86%AB%E1%84%89%E1%85%A5%20170e444ec3ee809bb5fffab41ef47cb1/Policy%20Gradient%20Theorem%20199e444ec3ee807fb433cf6d954a1071.html), Reinforce Algorithm (%E1%84%86%E1%85%AE%E1%86%AB%E1%84%89%E1%85%A5%20170e444ec3ee809bb5fffab41ef47cb1/Reinforce%20Algorithm%2019be444ec3ee80368155e27a75340442.html), TD (%E1%84%86%E1%85%AE%E1%86%AB%E1%84%89%E1%85%A5%20170e444ec3ee809bb5fffab41ef47cb1/TD%2019be444ec3ee805b976cf629b02a837d.html), MDP (%E1%84%86%E1%85%AE%E1%86%AB%E1%84%89%E1%85%A5%20170e444ec3ee809bb5fffab41ef47cb1/MDP%20198e444ec3ee8087bbbff42c74d2e425.html)"
LSTM,Pinata,2025년 2월 12일 오후 5:44,Pinata,2025년 2월 15일 오후 11:46,Economic computers,https://hanyang.dcollection.net/public_resource/pdf/200000486149_20250212172211.pdf,,,
Optimizer,Pinata,2025년 2월 24일 오후 6:21,Pinata,2025년 2월 24일 오후 6:38,Economic computers,https://velog.io/@yookyungkho/%EB%94%A5%EB%9F%AC%EB%8B%9D-%EC%98%B5%ED%8B%B0%EB%A7%88%EC%9D%B4%EC%A0%80-%EC%A0%95%EB%B3%B5%EA%B8%B0%EB%B6%80%EC%A0%9C-CS231n-Lecture7-Review,,,
,현창 이,2025년 3월 26일 오후 1:42,현창 이,2025년 3월 26일 오후 1:42,,,,,
dsdd,현창 이,2025년 3월 26일 오후 1:42,현창 이,2025년 3월 26일 오후 1:42,,,,,
Project Planning,현창 이,2025년 2월 12일 오후 5:20,Pinata,2025년 2월 14일 오후 7:46,Plan,,,,
MDP,Pinata,2025년 2월 12일 오후 8:27,Pinata,2025년 2월 15일 오후 11:50,,https://hanyang.dcollection.net/public_resource/pdf/200000486149_20250212172211.pdf,,Policy Gradient Algorithm (%E1%84%86%E1%85%AE%E1%86%AB%E1%84%89%E1%85%A5%20170e444ec3ee809bb5fffab41ef47cb1/Policy%20Gradient%20Algorithm%20199e444ec3ee801fb29fc81f9604428c.html),
Q-Learning,Pinata,2025년 2월 12일 오후 8:31,Pinata,2025년 2월 15일 오후 10:46,,http://hanyang.dcollection.net/common/orgView/200000486149,,TD (%E1%84%86%E1%85%AE%E1%86%AB%E1%84%89%E1%85%A5%20170e444ec3ee809bb5fffab41ef47cb1/TD%2019be444ec3ee805b976cf629b02a837d.html),DQN (%E1%84%86%E1%85%AE%E1%86%AB%E1%84%89%E1%85%A5%20170e444ec3ee809bb5fffab41ef47cb1/DQN%20198e444ec3ee8063a445c82b245c4f44.html)
Double DQN,Pinata,2025년 2월 12일 오후 10:02,Pinata,2025년 2월 14일 오후 7:01,,https://ai-com.tistory.com/entry/RL-%EA%B0%95%ED%99%94%ED%95%99%EC%8A%B5-%EC%95%8C%EA%B3%A0%EB%A6%AC%EC%A6%98-2-Double-DQN,,DQN (%E1%84%86%E1%85%AE%E1%86%AB%E1%84%89%E1%85%A5%20170e444ec3ee809bb5fffab41ef47cb1/DQN%20198e444ec3ee8063a445c82b245c4f44.html),
Dueling DQN,Pinata,2025년 2월 12일 오후 10:49,Pinata,2025년 2월 14일 오후 7:01,,,,DQN (%E1%84%86%E1%85%AE%E1%86%AB%E1%84%89%E1%85%A5%20170e444ec3ee809bb5fffab41ef47cb1/DQN%20198e444ec3ee8063a445c82b245c4f44.html),
DDPG,Pinata,2025년 2월 12일 오후 11:29,Pinata,2025년 2월 15일 오후 11:51,,https://ai-com.tistory.com/entry/RL-%EA%B0%95%ED%99%94%ED%95%99%EC%8A%B5-%EC%95%8C%EA%B3%A0%EB%A6%AC%EC%A6%98-4-DDPG,,Reinforce Algorithm (%E1%84%86%E1%85%AE%E1%86%AB%E1%84%89%E1%85%A5%20170e444ec3ee809bb5fffab41ef47cb1/Reinforce%20Algorithm%2019be444ec3ee80368155e27a75340442.html),
Deterministic Policy,Pinata,2025년 2월 14일 오전 12:05,Pinata,2025년 2월 15일 오후 11:47,,https://ai-com.tistory.com/entry/RL-%EA%B0%95%ED%99%94%ED%95%99%EC%8A%B5-%EC%95%8C%EA%B3%A0%EB%A6%AC%EC%A6%98-4-DDPG,,Policy Gradient Theorem (%E1%84%86%E1%85%AE%E1%86%AB%E1%84%89%E1%85%A5%20170e444ec3ee809bb5fffab41ef47cb1/Policy%20Gradient%20Theorem%20199e444ec3ee807fb433cf6d954a1071.html),
Expected Return,Pinata,2025년 2월 14일 오전 12:26,Pinata,2025년 2월 15일 오후 11:48,,https://talkingaboutme.tistory.com/entry/RL-Policy-Gradient-Algorithms,,Policy Gradient Theorem (%E1%84%86%E1%85%AE%E1%86%AB%E1%84%89%E1%85%A5%20170e444ec3ee809bb5fffab41ef47cb1/Policy%20Gradient%20Theorem%20199e444ec3ee807fb433cf6d954a1071.html),
Policy Gradient Theorem,Pinata,2025년 2월 14일 오전 12:43,Pinata,2025년 2월 15일 오후 11:47,,https://talkingaboutme.tistory.com/entry/RL-Policy-Gradient-Algorithms,,Policy Gradient Algorithm (%E1%84%86%E1%85%AE%E1%86%AB%E1%84%89%E1%85%A5%20170e444ec3ee809bb5fffab41ef47cb1/Policy%20Gradient%20Algorithm%20199e444ec3ee801fb29fc81f9604428c.html),"Differentiation of Expected Compensation (%E1%84%86%E1%85%AE%E1%86%AB%E1%84%89%E1%85%A5%20170e444ec3ee809bb5fffab41ef47cb1/Differentiation%20of%20Expected%20Compensation%2019ae444ec3ee80a8b5b7f44e29778e70.html), Deterministic Policy (%E1%84%86%E1%85%AE%E1%86%AB%E1%84%89%E1%85%A5%20170e444ec3ee809bb5fffab41ef47cb1/Deterministic%20Policy%20199e444ec3ee80c59c85ee374a72b9ba.html), Expected Return (%E1%84%86%E1%85%AE%E1%86%AB%E1%84%89%E1%85%A5%20170e444ec3ee809bb5fffab41ef47cb1/Expected%20Return%20199e444ec3ee80f18c32fda3b1f41967.html)"
Differentiation of Expected Compensation,Pinata,2025년 2월 14일 오후 6:38,Pinata,2025년 2월 14일 오후 8:02,,,,Policy Gradient Theorem (%E1%84%86%E1%85%AE%E1%86%AB%E1%84%89%E1%85%A5%20170e444ec3ee809bb5fffab41ef47cb1/Policy%20Gradient%20Theorem%20199e444ec3ee807fb433cf6d954a1071.html),
Futures Trading,Pinata,2025년 2월 14일 오후 7:42,Pinata,2025년 2월 14일 오후 7:44,,,,Delta Hedge (%E1%84%86%E1%85%AE%E1%86%AB%E1%84%89%E1%85%A5%20170e444ec3ee809bb5fffab41ef47cb1/Delta%20Hedge%20198e444ec3ee8073ae70f0a3053732da.html),
Advantage Actor-Critict,Pinata,2025년 2월 14일 오후 8:08,현창 이,2025년 3월 6일 오후 5:38,,https://velog.io/@chulhongsung/A2CAdvantage-Actor-Critic-%EC%95%8C%EA%B3%A0%EB%A6%AC%EC%A6%98,,Reinforce Algorithm (%E1%84%86%E1%85%AE%E1%86%AB%E1%84%89%E1%85%A5%20170e444ec3ee809bb5fffab41ef47cb1/Reinforce%20Algorithm%2019be444ec3ee80368155e27a75340442.html),"A2C (%E1%84%86%E1%85%AE%E1%86%AB%E1%84%89%E1%85%A5%20170e444ec3ee809bb5fffab41ef47cb1/A2C%2019be444ec3ee802b8202f84dca26b94e.html), Actor-Critic Structure (%E1%84%86%E1%85%AE%E1%86%AB%E1%84%89%E1%85%A5%20170e444ec3ee809bb5fffab41ef47cb1/Actor-Critic%20Structure%2019be444ec3ee809caf8ff41bb42cbb01.html), A3C (%E1%84%86%E1%85%AE%E1%86%AB%E1%84%89%E1%85%A5%20170e444ec3ee809bb5fffab41ef47cb1/A3C%2019be444ec3ee80868e52e173528ddfc0.html)"
A2C,Pinata,2025년 2월 15일 오후 10:37,Pinata,2025년 2월 16일 오전 12:53,,https://qcoding.tistory.com/77,,Advantage Actor-Critict (%E1%84%86%E1%85%AE%E1%86%AB%E1%84%89%E1%85%A5%20170e444ec3ee809bb5fffab41ef47cb1/Advantage%20Actor-Critict%2019ae444ec3ee800391a6e37d13a148d3.html),
Reinforce Algorithm,Pinata,2025년 2월 15일 오후 10:39,Pinata,2025년 2월 15일 오후 11:48,,https://yscho.tistory.com/114,,Policy Gradient Algorithm (%E1%84%86%E1%85%AE%E1%86%AB%E1%84%89%E1%85%A5%20170e444ec3ee809bb5fffab41ef47cb1/Policy%20Gradient%20Algorithm%20199e444ec3ee801fb29fc81f9604428c.html),"Advantage Actor-Critict (%E1%84%86%E1%85%AE%E1%86%AB%E1%84%89%E1%85%A5%20170e444ec3ee809bb5fffab41ef47cb1/Advantage%20Actor-Critict%2019ae444ec3ee800391a6e37d13a148d3.html), Reinforce Algorithm Code (%E1%84%86%E1%85%AE%E1%86%AB%E1%84%89%E1%85%A5%20170e444ec3ee809bb5fffab41ef47cb1/Reinforce%20Algorithm%20Code%2019be444ec3ee8096a040f842a1c7d2b7.html), DDPG (%E1%84%86%E1%85%AE%E1%86%AB%E1%84%89%E1%85%A5%20170e444ec3ee809bb5fffab41ef47cb1/DDPG%20198e444ec3ee8005b6e7e943305a7fe3.html)"
TD,Pinata,2025년 2월 15일 오후 10:48,Pinata,2025년 2월 15일 오후 11:49,,,,Policy Gradient Algorithm (%E1%84%86%E1%85%AE%E1%86%AB%E1%84%89%E1%85%A5%20170e444ec3ee809bb5fffab41ef47cb1/Policy%20Gradient%20Algorithm%20199e444ec3ee801fb29fc81f9604428c.html),Q-Learning (%E1%84%86%E1%85%AE%E1%86%AB%E1%84%89%E1%85%A5%20170e444ec3ee809bb5fffab41ef47cb1/Q-Learning%20198e444ec3ee80a38976faf1bde131e4.html)
Reinforce Algorithm Code,Pinata,2025년 2월 15일 오후 11:26,Pinata,2025년 2월 15일 오후 11:26,,,,Reinforce Algorithm (%E1%84%86%E1%85%AE%E1%86%AB%E1%84%89%E1%85%A5%20170e444ec3ee809bb5fffab41ef47cb1/Reinforce%20Algorithm%2019be444ec3ee80368155e27a75340442.html),
A3C,Pinata,2025년 2월 15일 오후 11:55,Pinata,2025년 3월 6일 오후 11:28,,,,Advantage Actor-Critict (%E1%84%86%E1%85%AE%E1%86%AB%E1%84%89%E1%85%A5%20170e444ec3ee809bb5fffab41ef47cb1/Advantage%20Actor-Critict%2019ae444ec3ee800391a6e37d13a148d3.html),
Actor-Critic Structure,Pinata,2025년 2월 16일 오전 12:14,Pinata,2025년 2월 16일 오전 12:32,,https://qcoding.tistory.com/77,,Advantage Actor-Critict (%E1%84%86%E1%85%AE%E1%86%AB%E1%84%89%E1%85%A5%20170e444ec3ee809bb5fffab41ef47cb1/Advantage%20Actor-Critict%2019ae444ec3ee800391a6e37d13a148d3.html),